Bit,Ax,Ay,FFx,FFy,CA4x,CA4y,Bx,By,CB4x,CB4y
0,38,102,39,102,39,102,38,101,39,101
1,50,102,51,102,51,102,50,101,51,101
2,52,102,53,102,53,102,52,101,53,101
3,54,102,55,102,55,102,54,101,55,101
4,56,102,57,102,57,102,56,101,57,101
5,38,104,39,104,39,104,38,103,39,103
6,50,104,51,104,51,104,50,103,51,103
7,52,104,53,104,53,104,52,103,53,103
8,54,104,55,104,55,104,54,103,55,103
9,56,104,57,104,57,104,56,103,57,103
10,38,106,39,106,39,106,38,105,39,105
11,50,106,51,106,51,106,50,105,51,105
12,52,106,53,106,53,106,52,105,53,105
13,54,106,55,106,55,106,54,105,55,105
14,56,106,57,106,57,106,56,105,57,105
15,38,108,39,108,39,108,38,107,39,107
16,50,108,51,108,51,108,50,107,51,107
17,52,108,53,108,53,108,52,107,53,107
18,54,108,55,108,55,108,54,107,55,107
19,56,108,57,108,57,108,56,107,57,107
20,38,110,39,110,39,110,38,109,39,109
21,50,110,51,110,51,110,50,109,51,109
22,52,110,53,110,53,110,52,109,53,109
23,54,110,55,110,55,110,54,109,55,109
24,56,110,57,110,57,110,56,109,57,109
25,38,112,39,112,39,112,38,111,39,111
26,50,112,51,112,51,112,50,111,51,111
27,52,112,53,112,53,112,52,111,53,111
28,54,112,55,112,55,112,54,111,55,111
29,56,112,57,112,57,112,56,111,57,111
30,38,114,39,114,39,114,38,113,39,113
31,50,114,51,114,51,114,50,113,51,113
32,52,114,53,114,53,114,52,113,53,113
33,54,114,55,114,55,114,54,113,55,113
34,56,114,57,114,57,114,56,113,57,113
35,38,116,39,116,39,116,38,115,39,115
36,50,116,51,116,51,116,50,115,51,115
37,52,116,53,116,53,116,52,115,53,115
38,54,116,55,116,55,116,54,115,55,115
39,56,116,57,116,57,116,56,115,57,115
40,38,118,39,118,39,118,38,117,39,117
41,50,118,51,118,51,118,50,117,51,117
42,52,118,53,118,53,118,52,117,53,117
43,54,118,55,118,55,118,54,117,55,117
44,56,118,57,118,57,118,56,117,57,117
45,38,120,39,120,39,120,38,119,39,119
46,50,120,51,120,51,120,50,119,51,119
47,52,120,53,120,53,120,52,119,53,119
48,54,120,55,120,55,120,54,119,55,119
49,56,120,57,120,57,120,56,119,57,119
50,38,122,39,122,39,122,38,121,39,121
51,50,122,51,122,51,122,50,121,51,121
52,52,122,53,122,53,122,52,121,53,121
53,54,122,55,122,55,122,54,121,55,121
54,56,122,57,122,57,122,56,121,57,121
55,38,128,39,128,39,128,38,127,39,127
56,42,128,43,128,43,128,42,127,43,127
57,46,128,47,128,47,128,46,127,47,127
58,50,128,51,128,51,128,50,127,51,127
59,52,128,53,128,53,128,52,127,53,127
60,54,128,55,128,55,128,54,127,55,127
61,56,128,57,128,57,128,56,127,57,127
62,38,130,39,130,39,130,38,129,39,129
63,42,130,43,130,43,130,42,129,43,129
64,46,130,47,130,47,130,46,129,47,129
65,50,130,51,130,51,130,50,129,51,129
66,52,130,53,130,53,130,52,129,53,129
67,54,130,55,130,55,130,54,129,55,129
68,56,130,57,130,57,130,56,129,57,129
69,38,132,39,132,39,132,38,131,39,131
70,42,132,43,132,43,132,42,131,43,131
71,46,132,47,132,47,132,46,131,47,131
72,50,132,51,132,51,132,50,131,51,131
73,52,132,53,132,53,132,52,131,53,131
74,54,132,55,132,55,132,54,131,55,131
75,56,132,57,132,57,132,56,131,57,131
76,38,134,39,134,39,134,38,133,39,133
77,42,134,43,134,43,134,42,133,43,133
78,46,134,47,134,47,134,46,133,47,133
79,50,134,51,134,51,134,50,133,51,133
80,52,134,53,134,53,134,52,133,53,133
81,54,134,55,134,55,134,54,133,55,133
82,56,134,57,134,57,134,56,133,57,133
83,38,136,39,136,39,136,38,135,39,135
84,42,136,43,136,43,136,42,135,43,135
85,46,136,47,136,47,136,46,135,47,135
86,50,136,51,136,51,136,50,135,51,135
87,52,136,53,136,53,136,52,135,53,135
88,54,136,55,136,55,136,54,135,55,135
89,56,136,57,136,57,136,56,135,57,135
90,38,138,39,138,39,138,38,137,39,137
91,42,138,43,138,43,138,42,137,43,137
92,46,138,47,138,47,138,46,137,47,137
93,50,138,51,138,51,138,50,137,51,137
94,52,138,53,138,53,138,52,137,53,137
95,54,138,55,138,55,138,54,137,55,137
96,56,138,57,138,57,138,56,137,57,137
97,38,140,39,140,39,140,38,139,39,139
98,42,140,43,140,43,140,42,139,43,139
99,46,140,47,140,47,140,46,139,47,139
100,50,140,51,140,51,140,50,139,51,139
101,52,140,53,140,53,140,52,139,53,139
102,54,140,55,140,55,140,54,139,55,139
103,56,140,57,140,57,140,56,139,57,139
104,38,142,39,142,39,142,38,141,39,141
105,42,142,43,142,43,142,42,141,43,141
106,46,142,47,142,47,142,46,141,47,141
107,50,142,51,142,51,142,50,141,51,141
108,52,142,53,142,53,142,52,141,53,141
109,54,142,55,142,55,142,54,141,55,141
110,56,142,57,142,57,142,56,141,57,141
111,38,144,39,144,39,144,38,143,39,143
112,42,144,43,144,43,144,42,143,43,143
113,46,144,47,144,47,144,46,143,47,143
114,50,144,51,144,51,144,50,143,51,143
115,52,144,53,144,53,144,52,143,53,143
116,54,144,55,144,55,144,54,143,55,143
117,56,144,57,144,57,144,56,143,57,143
118,38,146,39,146,39,146,38,145,39,145
119,42,146,43,146,43,146,42,145,43,145
120,46,146,47,146,47,146,46,145,47,145
121,50,146,51,146,51,146,50,145,51,145
122,52,146,53,146,53,146,52,145,53,145
123,54,146,55,146,55,146,54,145,55,145
124,56,146,57,146,57,146,56,145,57,145
125,38,148,39,148,39,148,38,147,39,147
126,42,148,43,148,43,148,42,147,43,147
127,46,148,47,148,47,148,46,147,47,147